{
  "model": "resnet1d",
  "test_size": 2831,
  "auc_roc": 0.8764845705719742,
  "auc_ci": [
    0.8598836985494847,
    0.8930509679048904
  ],
  "auc_pr": 0.56502558768855,
  "sensitivity": 0.570694087403599,
  "npv": 0.9299202685690307,
  "brier": 0.2507902613086198,
  "threshold": 0.5686868686868687,
  "temperature": 1.0,
  "calibrated_auc": 0.8764845705719742,
  "dca": {
    "thresholds": [
      0.0,
      0.01,
      0.02,
      0.03,
      0.04,
      0.05,
      0.06,
      0.07,
      0.08,
      0.09,
      0.1,
      0.11,
      0.12,
      0.13,
      0.14,
      0.15,
      0.16,
      0.17,
      0.18,
      0.19,
      0.2,
      0.21,
      0.22,
      0.23,
      0.24,
      0.25,
      0.26,
      0.27,
      0.28,
      0.29,
      0.3,
      0.31,
      0.32,
      0.33,
      0.34,
      0.35000000000000003,
      0.36,
      0.37,
      0.38,
      0.39,
      0.4,
      0.41000000000000003,
      0.42,
      0.43,
      0.44,
      0.45,
      0.46,
      0.47000000000000003,
      0.48,
      0.49,
      0.5
    ],
    "net_benefit": [
      0.13740727658071353,
      0.1286942187683975,
      0.11980334344970768,
      0.11072915111413766,
      0.10146591310490992,
      0.09200765955864582,
      0.08234816657522716,
      0.072480942559907,
      0.06239921367468862,
      0.052095908330454424,
      0.04156364064523724,
      0.03079469278731857,
      0.019780996114447197,
      0.00851411101231439,
      -0.0030147946735889497,
      -0.014814968728572325,
      -0.026896099308674398,
      -0.03926834146901986,
      -0.051942345633276155,
      -0.06492928817195862,
      -0.0782409042741081,
      -0.09188952331555247,
      -0.10588810694780318,
      -0.12025029015491748,
      -0.13499042555169274,
      -0.1501236312257153,
      -0.16566584245849528,
      -0.18163386769765275,
      -0.1980454491934535,
      -0.2149193287595584,
      -0.2322753191704093,
      -0.2501343817670819,
      -0.26851871091071544,
      -0.28745182599893515,
      -0.3069586718474039,
      -0.3270657283373639,
      -0.34780113034263516,
      -0.3691947990782326,
      -0.3910620890828501,
      -0.4136347580360298,
      -0.43600612268927363,
      -0.4580941034191668,
      -0.4790435937100329,
      -0.4973321682871962,
      -0.5139778977645456,
      -0.5238431649593783,
      -0.5215667804858903,
      -0.5135127929993403,
      -0.49126429910605107,
      -0.4467208289179323,
      -0.3744259978806075
    ],
    "max_net_benefit": 0.13740727658071353
  },
  "fairness": [
    {
      "group": "male",
      "size": 2831,
      "auc": 0.8764845705719742,
      "tpr": 0.9768637532133676,
      "eo_diff": null
    },
    {
      "group": "female",
      "size": 2831,
      "auc": 0.8764845705719742,
      "tpr": 0.9768637532133676,
      "eo_diff": 0.0
    },
    {
      "group": "age_ge60",
      "size": 1518,
      "auc": 0.8796995151051263,
      "tpr": 0.9738219895287958,
      "eo_diff": 0.0030417636845717633
    },
    {
      "group": "age_lt60",
      "size": 1313,
      "auc": 0.8730126375866287,
      "tpr": 0.9797979797979798,
      "eo_diff": 0.0029342265846121762
    }
  ],
  "mitbih_auc": 0.0
}